lastName,firstName,Mois
Patterson,Steve,2022-01
Jones,Barry,2022-02
Tseng,"Foon Yue",2022-02
Castillo,Pamela,2022-03
Nishi,Mami,2022-03
Bott,Larry,2022-04
Jennings,Leslie,2022-04
Nishi,Mami,2022-05
Castillo,Pamela,2022-05
Bondur,Loui,2022-06
Gerard,Martin,2022-06
Tseng,"Foon Yue",2022-07
Marsh,Peter,2022-07
Jennings,Leslie,2022-08
Hernandez,Gerard,2022-08
Thompson,Leslie,2022-09
Firrelli,Julie,2022-09
Fixter,Andy,2022-10
Bott,Larry,2022-10
Jennings,Leslie,2022-11
Castillo,Pamela,2022-11
Hernandez,Gerard,2022-12
Jennings,Leslie,2022-12
Nishi,Mami,2023-01
Firrelli,Julie,2023-01
Hernandez,Gerard,2023-02
Thompson,Leslie,2023-02
Thompson,Leslie,2023-03
Gerard,Martin,2023-03
Jennings,Leslie,2023-04
Bondur,Loui,2023-04
Tseng,"Foon Yue",2023-05
Vanauf,George,2023-05
Vanauf,George,2023-06
Bott,Larry,2023-06
Marsh,Peter,2023-07
Jennings,Leslie,2023-07
Castillo,Pamela,2023-08
Firrelli,Julie,2023-08
Patterson,Steve,2023-09
Jennings,Leslie,2023-09
Jones,Barry,2023-10
Gerard,Martin,2023-10
Hernandez,Gerard,2023-11
Bott,Larry,2023-11
Patterson,Steve,2023-12
Castillo,Pamela,2023-12
Hernandez,Gerard,2024-01
Marsh,Peter,2024-01
Bott,Larry,2024-02
Thompson,Leslie,2024-02
Hernandez,Gerard,2024-03
Bott,Larry,2024-03
